{"nm":"19","ddd":0,"h":300,"w":300,"meta":{"g":"LottieFiles AE "},"layers":[{"ty":4,"nm":"Online Education_18 Outlines","sr":1,"st":0,"op":120,"ip":0,"hd":false,"ddd":0,"bm":0,"hasMask":false,"ao":0,"ks":{"a":{"a":0,"k":[150,150,0],"ix":1},"s":{"a":0,"k":[100,100,100],"ix":6},"sk":{"a":0,"k":0},"p":{"a":0,"k":[150,150,0],"ix":2},"r":{"a":0,"k":0,"ix":10},"sa":{"a":0,"k":0},"o":{"a":0,"k":100,"ix":11}},"ef":[],"shapes":[{"ty":"gr","bm":0,"hd":false,"mn":"ADBE Vector Group","nm":"Group 1","ix":1,"cix":2,"np":9,"it":[{"ty":"sh","bm":0,"hd":false,"mn":"ADBE Vector Shape - Group","nm":"Path 1","ix":1,"d":1,"ks":{"a":0,"k":{"c":true,"i":[[0,0],[0,0],[0,0],[0,0]],"o":[[0,0],[0,0],[0,0],[0,0]],"v":[[21.27,22.082],[3.02,22.082],[3.02,3.884],[21.27,3.884]]},"ix":2}},{"ty":"sh","bm":0,"hd":false,"mn":"ADBE Vector Shape - Group","nm":"Path 2","ix":2,"d":1,"ks":{"a":0,"k":{"c":true,"i":[[0,0],[0,0],[0,0],[0,0]],"o":[[0,0],[0,0],[0,0],[0,0]],"v":[[-22.088,3.884],[-3.838,3.884],[-3.838,22.082],[-22.088,22.082]]},"ix":2}},{"ty":"sh","bm":0,"hd":false,"mn":"ADBE Vector Shape - Group","nm":"Path 3","ix":3,"d":1,"ks":{"a":0,"k":{"c":false,"i":[[0,0]],"o":[[0,0]],"v":[[-22.088,22.082]]},"ix":2}},{"ty":"sh","bm":0,"hd":false,"mn":"ADBE Vector Shape - Group","nm":"Path 4","ix":4,"d":1,"ks":{"a":0,"k":{"c":true,"i":[[0,0],[0,0],[0,0],[0,0]],"o":[[0,0],[0,0],[0,0],[0,0]],"v":[[-22.088,-21.265],[-3.838,-21.265],[-3.838,-3.068],[-22.088,-3.068]]},"ix":2}},{"ty":"sh","bm":0,"hd":false,"mn":"ADBE Vector Shape - Group","nm":"Path 5","ix":5,"d":1,"ks":{"a":0,"k":{"c":true,"i":[[0,0],[0,0],[0,0],[0,0]],"o":[[0,0],[0,0],[0,0],[0,0]],"v":[[21.27,-3.068],[3.02,-3.068],[3.02,-21.265],[21.27,-21.265]]},"ix":2}},{"ty":"sh","bm":0,"hd":false,"mn":"ADBE Vector Shape - Group","nm":"Path 6","ix":6,"d":1,"ks":{"a":0,"k":{"c":false,"i":[[0,0]],"o":[[0,0]],"v":[[21.27,-21.265]]},"ix":2}},{"ty":"sh","bm":0,"hd":false,"mn":"ADBE Vector Shape - Group","nm":"Path 7","ix":7,"d":1,"ks":{"a":0,"k":{"c":true,"i":[[1.895,0],[0,0],[0,0],[0,0],[0,1.938],[1.937,0],[0,0],[0,0],[1.947,0],[0,-1.947],[0,0],[0,0],[0,0],[1.894,0],[0,-1.937],[0,0],[0,0],[0,0],[1.896,0],[0,-1.832],[0,0],[0,0],[0,-1.842],[-1.895,0],[0,0],[0,0],[0,0],[0,-1.842],[-1.937,0],[0,0],[0,0],[0,0],[0,-1.843],[-1.885,0],[0,0],[0,0],[-1.895,0],[0,1.843],[0,0],[0,0],[0,0],[-1.885,0],[0,1.947],[0,0],[0,0],[0,0],[-1.896,0],[0,1.843],[0,0],[0,0],[0,1.937],[1.896,0],[0,0],[0,0],[0,0],[0,1.948]],"o":[[0,0],[0,0],[0,0],[1.937,0],[0,-1.842],[0,0],[0,0],[0,-1.947],[-1.896,0],[0,0],[0,0],[0,0],[0,-1.937],[-1.885,0],[0,0],[0,0],[0,0],[0,-1.832],[-1.895,0],[0,0],[0,0],[-1.895,0],[0,1.938],[0,0],[0,0],[0,0],[-1.937,0],[0,1.948],[0,0],[0,0],[0,0],[-1.885,0],[0,1.937],[0,0],[0,0],[0,1.843],[1.896,0],[0,0],[0,0],[0,0],[0,1.947],[1.894,0],[0,0],[0,0],[0,0],[0,1.843],[1.947,0],[0,0],[0,0],[1.896,0],[0,-1.843],[0,0],[0,0],[0,0],[1.895,0],[0,-1.842]],"v":[[52.451,-3.068],[28.117,-3.068],[28.117,-21.265],[52.66,-21.265],[56.137,-24.742],[52.66,-28.123],[28.117,-28.123],[28.117,-52.656],[24.643,-56.132],[21.27,-52.656],[21.27,-28.123],[3.02,-28.123],[3.02,-52.456],[-0.413,-55.828],[-3.838,-52.456],[-3.838,-28.123],[-22.088,-28.123],[-22.088,-40.29],[-25.512,-43.661],[-28.936,-40.29],[-28.936,-28.123],[-41.049,-28.123],[-44.484,-24.742],[-41.049,-21.265],[-28.936,-21.265],[-28.936,-3.068],[-52.661,-3.068],[-56.137,0.408],[-52.661,3.884],[-28.936,3.884],[-28.936,22.082],[-52.357,22.082],[-55.782,25.464],[-52.357,28.94],[-28.936,28.94],[-28.936,52.352],[-25.512,55.723],[-22.088,52.352],[-22.088,28.94],[-3.838,28.94],[-3.838,52.656],[-0.413,56.132],[3.02,52.656],[3.02,28.94],[21.27,28.94],[21.27,41.107],[24.643,44.478],[28.117,41.107],[28.117,28.94],[40.231,28.94],[43.656,25.464],[40.231,22.082],[28.117,22.082],[28.117,3.884],[52.451,3.884],[55.876,0.408]]},"ix":2}},{"ty":"mm","bm":0,"hd":false,"mn":"ADBE Vector Filter - Merge","nm":"Merge Paths 1","mm":1},{"ty":"tr","a":{"a":0,"k":[0,0],"ix":1},"s":{"a":0,"k":[100,100],"ix":3},"sk":{"a":0,"k":0,"ix":4},"p":{"a":0,"k":[189.251,111.221],"ix":2},"r":{"a":0,"k":0,"ix":6},"sa":{"a":0,"k":0,"ix":5},"o":{"a":0,"k":100,"ix":7}}]},{"ty":"gr","bm":0,"hd":false,"mn":"ADBE Vector Group","nm":"Group 2","ix":2,"cix":2,"np":6,"it":[{"ty":"sh","bm":0,"hd":false,"mn":"ADBE Vector Shape - Group","nm":"Path 1","ix":1,"d":1,"ks":{"a":0,"k":{"c":true,"i":[[17.328,-0.304],[0,0],[9.612,9.507],[0.209,13.497],[-0.053,0.409],[-14.627,14.617],[-17.58,0],[-9.759,-9.716],[26.438,-26.48]],"o":[[0,0],[-13.589,-0.21],[-9.507,-9.507],[0,-0.502],[0.156,-17.485],[14.774,-14.826],[13.862,0],[22.04,22.082],[-14.512,14.522]],"v":[[30.705,22.135],[29.06,22.135],[-6.978,7.717],[-21.396,-28.176],[-21.343,-29.6],[1,-80.214],[52.222,-102.61],[88.931,-88.192],[80.952,-0.26]]},"ix":2}},{"ty":"sh","bm":0,"hd":false,"mn":"ADBE Vector Shape - Group","nm":"Path 2","ix":2,"d":1,"ks":{"a":0,"k":{"c":true,"i":[[7.057,-7.466],[0,0],[-7.36,32.206],[-5.517,-5.518],[-7.005,-2.764]],"o":[[0,0],[7.518,-7.058],[2.765,6.952],[5.529,5.517],[-32.207,7.36]],"v":[[-53.76,59.964],[-59.278,54.447],[-24.108,-6.491],[-11.837,12.523],[7.136,24.899]]},"ix":2}},{"ty":"sh","bm":0,"hd":false,"mn":"ADBE Vector Shape - Group","nm":"Path 3","ix":3,"d":1,"ks":{"a":0,"k":{"c":true,"i":[[0,0],[2.659,2.764],[0,0],[-2.66,2.754],[0,0],[0,0]],"o":[[-2.712,2.764],[0,0],[-2.66,-2.763],[0,0],[0,0],[0,0]],"v":[[-97.212,108.84],[-106.928,108.84],[-108.258,107.614],[-108.258,97.804],[-66.942,56.488],[-55.906,67.535]]},"ix":2}},{"ty":"sh","bm":0,"hd":false,"mn":"ADBE Vector Shape - Group","nm":"Path 4","ix":4,"d":1,"ks":{"a":0,"k":{"c":true,"i":[[24.689,24.637],[29.086,-29.045],[1.026,-18.197],[-0.053,-0.304],[8.388,-7.979],[0,0],[1.329,-1.329],[0,0],[-5.361,-5.319],[0,0],[-3.686,0],[-2.607,2.555],[0,0],[1.372,1.33],[0,0],[-41.766,0.721],[0,0],[0,0],[0,0],[0,0],[0,0],[-0.314,0.105],[-14.972,15.035]],"o":[[-24.741,-24.742],[-15.036,15.025],[-0.042,0.21],[0.607,43.358],[0,0],[-1.329,-1.329],[0,0],[-5.361,5.413],[0,0],[2.607,2.555],[3.685,0],[0,0],[1.372,-1.33],[0,0],[7.769,-8.072],[0,0],[0,0],[0,0],[0,0],[0,0],[0.357,0],[18.146,-1.13],[29.15,-29.034]],"v":[[93.789,-92.998],[-3.858,-85.124],[-28.097,-32.877],[-28.191,-32.06],[-64.189,49.64],[-64.545,49.232],[-69.402,49.232],[-113.116,92.998],[-113.116,112.421],[-111.787,113.75],[-102.07,117.739],[-92.354,113.75],[-48.64,69.985],[-48.64,65.178],[-48.901,64.874],[29.679,28.984],[29.73,28.984],[29.783,28.984],[31.417,28.984],[32.851,28.984],[32.903,28.984],[33.825,28.783],[85.81,4.544]]},"ix":2}},{"ty":"mm","bm":0,"hd":false,"mn":"ADBE Vector Filter - Merge","nm":"Merge Paths 1","mm":1},{"ty":"tr","a":{"a":0,"k":[0,0],"ix":1},"s":{"a":0,"k":[100,100],"ix":3},"sk":{"a":0,"k":0,"ix":4},"p":{"a":0,"k":[148.426,151.458],"ix":2},"r":{"a":0,"k":0,"ix":6},"sa":{"a":0,"k":0,"ix":5},"o":{"a":0,"k":100,"ix":7}}]},{"ty":"tm","bm":0,"hd":false,"mn":"ADBE Vector Filter - Trim","nm":"Trim Paths 1","ix":3,"e":{"a":1,"k":[{"o":{"x":0.486,"y":0.01},"i":{"x":0.284,"y":1.005},"s":[0],"t":0},{"s":[100],"t":60}],"ix":2},"o":{"a":0,"k":0,"ix":3},"s":{"a":0,"k":0,"ix":1},"m":1},{"ty":"st","bm":0,"hd":false,"mn":"ADBE Vector Graphic - Stroke","nm":"Stroke 1","lc":1,"lj":1,"ml":4,"o":{"a":0,"k":100,"ix":4},"w":{"a":0,"k":3,"ix":5},"c":{"a":0,"k":[0,0,0],"ix":3}}],"ind":1}],"v":"4.8.0","fr":40,"op":120,"ip":0,"assets":[]}